,height,id,sender,recipient
0,338196,0B9540DB7D83B9F9,NDTD32Z2BC7RFCAC3XCY53NGO2DLWYPXNWTKBAA,68A8261B6E843C144FC867F7979D383EFCC5CC847F919D2B
1,338196,218FBFAEA8D0389A,NDTD32Z2BC7RFCAC3XCY53NGO2DLWYPXNWTKBAA,68A8261B6E843C144FC867F7979D383EFCC5CC847F919D2B
2,559341,0B9540DB7D83B9F9,NCUCMG3OQQ6BIT6IM73ZPHJYH36MLTEEP6IZ2KY,68E63DEB3A08BF128802DDC58EEDA67686BB61F76DA6A080
3,560458,28373488147984EE,NAJVGCOFGKCDRBF547GRZZX2SYUDBAECO2YZN6A,6884005ED121C543BB054389A9AEDAA17C4E37B9A6C14D7E
4,295117,68309497515CA6A9,NA324DJHBPB3YG76XQW6TAE65THFGLY7S3HSICI,689F4A35DDE1DFDFE8C6F4F8ABFFA3975A42B66AE6D3EA59
5,338196,0B9540DB7D83B9F9,NDTD32Z2BC7RFCAC3XCY53NGO2DLWYPXNWTKBAA,68A8261B6E843C144FC867F7979D383EFCC5CC847F919D2B
6,338196,218FBFAEA8D0389A,NDTD32Z2BC7RFCAC3XCY53NGO2DLWYPXNWTKBAA,68A8261B6E843C144FC867F7979D383EFCC5CC847F919D2B
7,559328,218FBFAEA8D0389A,NCUCMG3OQQ6BIT6IM73ZPHJYH36MLTEEP6IZ2KY,68E63DEB3A08BF128802DDC58EEDA67686BB61F76DA6A080
8,544258,49E8D2A8E1B6AD95,NAZEOSYCGCYHGX5JJQADNSVI2C53DSVIG7KUWHY,684254599FA2A56E042A60D217EDB3B2328F842090F38E49
9,544277,49E8D2A8E1B6AD95,NBBFIWM7UKSW4BBKMDJBP3NTWIZI7BBASDZY4SI,6832474B0230B0735FA94C0036CAA8D0BBB1CAA837D54B1F
10,556853,6644D676D1BC212C,NCNPFXOJFGAFCOHG5VH7OAFXPPFMXN5N2QWIFNA,68ED60056BAC43035B2CC7075E60DE77E5AE4C388C160602
11,555686,4C4626BAD2AEEDEC,NCNPFXOJFGAFCOHG5VH7OAFXPPFMXN5N2QWIFNA,68ED60056BAC43035B2CC7075E60DE77E5AE4C388C160602
12,555705,33A483FD84A6EE2A,NCNPFXOJFGAFCOHG5VH7OAFXPPFMXN5N2QWIFNA,68ED60056BAC43035B2CC7075E60DE77E5AE4C388C160602
13,555710,2254AC155B708AFC,NCNPFXOJFGAFCOHG5VH7OAFXPPFMXN5N2QWIFNA,68ED60056BAC43035B2CC7075E60DE77E5AE4C388C160602
14,585737,3E5AF4B0BB3CCC80,NC3CUL2ZTMT74JBBJ7GWWNXD52IWYSCW3HEIM2Y,686F9D1706E0D8052B0A0A2381EA832E4052C8C1FDEA75E3
